id,from,to,image_name
1,1000001,1000002,1000001_to_1000002.jpg
2,1000002,1000001,1000002_to_1000001.jpg
3,1000022,1000002,1000022_to_1000002.jpg
4,1000002,1000022,1000002_to_1000022.jpg
5,1000003,1000022,1000003_to_1000022.jpg
6,1000022,1000003,1000022_to_1000003.jpg
7,1000022,1000023,1000022_to_1000023.jpg
8,1000023,1000022,1000023_to_1000022.jpg
9,1000004,1000003,1000004_to_1000003.jpg
10,1000004,1000024,1000004_to_1000024.jpg
11,1000024,1000004,1000024_to_1000004.jpg
12,1000024,1000025,1000024_to_1000025.jpg
13,1000025,1000024,1000025_to_1000024.jpg
14,1000004,1000003,1000004_to_1000003.jpg
15,1000004,1000006,1000004_to_1000006.jpg
16,1000006,1000007,1000006_to_1000007.jpg
17,1000007,1000006,1000007_to_1000006.jpg
18,1000007,1000008,1000007_to_1000008.jpg
19,1000008,1000007,1000008_to_1000007.jpg
20,1000006,1000009,1000006_to_1000009.jpg
21,1000009,1000006,1000009_to_1000006.jpg
22,1000009,1000010,1000009_to_1000010.jpg
23,1000010,1000009,1000010_to_1000009.jpg
24,1000010,1000011,1000010_to_1000011.jpg
25,1000011,1000010,1000011_to_1000010.jpg
26,1000009,1000012,1000009_to_1000012.jpg
27,1000012,1000009,1000012_to_1000009.jpg
28,1000012,1000034,1000012_to_1000034.jpg
29,1000034,1000012,1000034_to_1000012.jpg
30,1000012,1000013,1000012_to_1000013.jpg
31,1000013,1000012,1000013_to_1000012.jpg
32,1000013,1000014,1000013_to_1000014.jpg
33,1000014,1000013,1000014_to_1000013.jpg
34,1000013,1000015,1000013_to_1000015.jpg
35,1000015,1000013,1000015_to_1000013.jpg
36,1000015,1000016,1000015_to_1000016.jpg
37,1000016,1000015,1000016_to_1000015.jpg
38,1000016,1000017,1000016_to_1000017.jpg
39,1000017,1000016,1000017_to_1000016.jpg
40,1000017,1000020,1000017_to_1000020.jpg
41,1000020,1000017,1000020_to_1000017.jpg
42,1000020,1000021,1000020_to_1000021.jpg
43,1000021,1000020,1000021_to_1000020.jpg
44,1000017,1000018,1000017_to_1000018.jpg
45,1000018,1000017,1000018_to_1000017.jpg
46,1000018,1000019,1000018_to_1000019.jpg
47,1000019,1000018,1000019_to_1000018.jpg
48,0,0,0_to_0.jpg
49,0,0,0_to_0.jpg
50,0,0,0_to_0.jpg
51,0,0,0_to_0.jpg
52,0,0,0_to_0.jpg
53,0,0,0_to_0.jpg
54,0,0,0_to_0.jpg
55,0,0,0_to_0.jpg
56,0,0,0_to_0.jpg
57,0,0,0_to_0.jpg
58,0,0,0_to_0.jpg
59,0,0,0_to_0.jpg
60,0,0,0_to_0.jpg
61,0,0,0_to_0.jpg
62,0,0,0_to_0.jpg
63,0,0,0_to_0.jpg
64,0,0,0_to_0.jpg
65,0,0,0_to_0.jpg
66,0,0,0_to_0.jpg
67,0,0,0_to_0.jpg
68,0,0,0_to_0.jpg
69,0,0,0_to_0.jpg
70,0,0,0_to_0.jpg
71,0,0,0_to_0.jpg
72,0,0,0_to_0.jpg
73,0,0,0_to_0.jpg
74,0,0,0_to_0.jpg
75,0,0,0_to_0.jpg
76,0,0,0_to_0.jpg
77,0,0,0_to_0.jpg
78,0,0,0_to_0.jpg
79,0,0,0_to_0.jpg
80,0,0,0_to_0.jpg
81,0,0,0_to_0.jpg
82,0,0,0_to_0.jpg
83,0,0,0_to_0.jpg
84,0,0,0_to_0.jpg
85,0,0,0_to_0.jpg
86,0,0,0_to_0.jpg
87,0,0,0_to_0.jpg
88,0,0,0_to_0.jpg
89,0,0,0_to_0.jpg
90,0,0,0_to_0.jpg
91,0,0,0_to_0.jpg
92,0,0,0_to_0.jpg
93,0,0,0_to_0.jpg
94,0,0,0_to_0.jpg
95,0,0,0_to_0.jpg
96,0,0,0_to_0.jpg
97,0,0,0_to_0.jpg
98,0,0,0_to_0.jpg
99,0,0,0_to_0.jpg
100,0,0,0_to_0.jpg
101,0,0,0_to_0.jpg
102,0,0,0_to_0.jpg
103,0,0,0_to_0.jpg
104,0,0,0_to_0.jpg
105,0,0,0_to_0.jpg
106,0,0,0_to_0.jpg
107,0,0,0_to_0.jpg
108,0,0,0_to_0.jpg
109,0,0,0_to_0.jpg
110,0,0,0_to_0.jpg
111,0,0,0_to_0.jpg
112,0,0,0_to_0.jpg
113,0,0,0_to_0.jpg
114,0,0,0_to_0.jpg
115,0,0,0_to_0.jpg
116,0,0,0_to_0.jpg
117,0,0,0_to_0.jpg
118,0,0,0_to_0.jpg
119,0,0,0_to_0.jpg
,0,0,0_to_0.jpg
,0,0,0_to_0.jpg
,0,0,0_to_0.jpg
,0,0,0_to_0.jpg
,0,0,0_to_0.jpg
,0,0,0_to_0.jpg
,0,0,0_to_0.jpg
,0,0,0_to_0.jpg
,0,0,0_to_0.jpg
,0,0,0_to_0.jpg
,0,0,0_to_0.jpg
,0,0,0_to_0.jpg
,0,0,0_to_0.jpg
,0,0,0_to_0.jpg
,0,0,0_to_0.jpg
,0,0,0_to_0.jpg
,0,0,0_to_0.jpg
,0,0,0_to_0.jpg
,0,0,0_to_0.jpg
,0,0,0_to_0.jpg
,0,0,0_to_0.jpg
,0,0,0_to_0.jpg
,0,0,0_to_0.jpg
,0,0,0_to_0.jpg
,0,0,0_to_0.jpg
,0,0,0_to_0.jpg
,0,0,0_to_0.jpg
,0,0,0_to_0.jpg
,0,0,0_to_0.jpg
,0,0,0_to_0.jpg
,0,0,0_to_0.jpg
,0,0,0_to_0.jpg
,0,0,0_to_0.jpg
,0,0,0_to_0.jpg
,0,0,0_to_0.jpg
,0,0,0_to_0.jpg
,0,0,0_to_0.jpg
,0,0,0_to_0.jpg
,0,0,0_to_0.jpg
,0,0,0_to_0.jpg
,0,0,0_to_0.jpg
,0,0,0_to_0.jpg
,0,0,0_to_0.jpg
,0,0,0_to_0.jpg
,0,0,0_to_0.jpg
,0,0,0_to_0.jpg
,0,0,0_to_0.jpg
,0,0,0_to_0.jpg
,0,0,0_to_0.jpg
,0,0,0_to_0.jpg
,0,0,0_to_0.jpg
,0,0,0_to_0.jpg
,0,0,0_to_0.jpg
,0,0,0_to_0.jpg
,0,0,0_to_0.jpg
,0,0,0_to_0.jpg
,0,0,0_to_0.jpg
,0,0,0_to_0.jpg
,0,0,0_to_0.jpg
,0,0,0_to_0.jpg
,0,0,0_to_0.jpg
,0,0,0_to_0.jpg
,0,0,0_to_0.jpg
,0,0,0_to_0.jpg
,0,0,0_to_0.jpg
,0,0,0_to_0.jpg
,0,0,0_to_0.jpg
,0,0,0_to_0.jpg
,0,0,0_to_0.jpg
,0,0,0_to_0.jpg
,0,0,0_to_0.jpg
,0,0,0_to_0.jpg
,0,0,0_to_0.jpg
,0,0,0_to_0.jpg
,0,0,0_to_0.jpg
,0,0,0_to_0.jpg
,0,0,0_to_0.jpg
,0,0,0_to_0.jpg
,0,0,0_to_0.jpg
,0,0,0_to_0.jpg
,0,0,0_to_0.jpg
,0,0,0_to_0.jpg
,0,0,0_to_0.jpg
,0,0,0_to_0.jpg
,0,0,0_to_0.jpg
,0,0,0_to_0.jpg
,0,0,0_to_0.jpg
,0,0,0_to_0.jpg
,0,0,0_to_0.jpg
,0,0,0_to_0.jpg
,0,0,0_to_0.jpg
,0,0,0_to_0.jpg
,0,0,0_to_0.jpg
,0,0,0_to_0.jpg
,0,0,0_to_0.jpg
,0,0,0_to_0.jpg
,0,0,0_to_0.jpg
,0,0,0_to_0.jpg
,0,0,0_to_0.jpg
,0,0,0_to_0.jpg
,0,0,0_to_0.jpg
,0,0,0_to_0.jpg
,0,0,0_to_0.jpg
,0,0,0_to_0.jpg
,0,0,0_to_0.jpg
,0,0,0_to_0.jpg
,0,0,0_to_0.jpg
,0,0,0_to_0.jpg
,0,0,0_to_0.jpg
,0,0,0_to_0.jpg
,0,0,0_to_0.jpg
,0,0,0_to_0.jpg
,0,0,0_to_0.jpg
,0,0,0_to_0.jpg
,0,0,0_to_0.jpg
,0,0,0_to_0.jpg
,0,0,0_to_0.jpg
,0,0,0_to_0.jpg
,0,0,0_to_0.jpg
,0,0,0_to_0.jpg
,0,0,0_to_0.jpg
,0,0,0_to_0.jpg
,0,0,0_to_0.jpg
,0,0,0_to_0.jpg
,0,0,0_to_0.jpg
,0,0,0_to_0.jpg
,0,0,0_to_0.jpg
,0,0,0_to_0.jpg
,0,0,0_to_0.jpg
,0,0,0_to_0.jpg
,0,0,0_to_0.jpg
,0,0,0_to_0.jpg
,0,0,0_to_0.jpg
,0,0,0_to_0.jpg
,0,0,0_to_0.jpg
,0,0,0_to_0.jpg
,0,0,0_to_0.jpg
,0,0,0_to_0.jpg
,0,0,0_to_0.jpg
,0,0,0_to_0.jpg
,0,0,0_to_0.jpg
,0,0,0_to_0.jpg
,0,0,0_to_0.jpg
,0,0,0_to_0.jpg
,0,0,0_to_0.jpg
,0,0,0_to_0.jpg
,0,0,0_to_0.jpg
,0,0,0_to_0.jpg
,0,0,0_to_0.jpg
,0,0,0_to_0.jpg
,0,0,0_to_0.jpg
,0,0,0_to_0.jpg
,0,0,0_to_0.jpg
,0,0,0_to_0.jpg
,0,0,0_to_0.jpg
,0,0,0_to_0.jpg
,0,0,0_to_0.jpg
,0,0,0_to_0.jpg
,0,0,0_to_0.jpg
,0,0,0_to_0.jpg
,0,0,0_to_0.jpg
,0,0,0_to_0.jpg
,0,0,0_to_0.jpg
,0,0,0_to_0.jpg
,0,0,0_to_0.jpg
,0,0,0_to_0.jpg
,0,0,0_to_0.jpg
,0,0,0_to_0.jpg
,0,0,0_to_0.jpg
,0,0,0_to_0.jpg
,0,0,0_to_0.jpg
,0,0,0_to_0.jpg
,0,0,0_to_0.jpg
,0,0,0_to_0.jpg
,0,0,0_to_0.jpg
,0,0,0_to_0.jpg
,0,0,0_to_0.jpg
,0,0,0_to_0.jpg
,0,0,0_to_0.jpg
,0,0,0_to_0.jpg
,0,0,0_to_0.jpg
,0,0,0_to_0.jpg
,0,0,0_to_0.jpg
,0,0,0_to_0.jpg
,0,0,0_to_0.jpg
,0,0,0_to_0.jpg
,0,0,0_to_0.jpg
,0,0,0_to_0.jpg
,0,0,0_to_0.jpg
,0,0,0_to_0.jpg
,0,0,0_to_0.jpg
,0,0,0_to_0.jpg
,0,0,0_to_0.jpg
,0,0,0_to_0.jpg
,0,0,0_to_0.jpg
,0,0,0_to_0.jpg
,0,0,0_to_0.jpg
,0,0,0_to_0.jpg
,0,0,0_to_0.jpg
,0,0,0_to_0.jpg
,0,0,0_to_0.jpg
,0,0,0_to_0.jpg
,0,0,0_to_0.jpg
,0,0,0_to_0.jpg
,0,0,0_to_0.jpg
,0,0,0_to_0.jpg
,0,0,0_to_0.jpg
,0,0,0_to_0.jpg
,0,0,0_to_0.jpg
,0,0,0_to_0.jpg
,0,0,0_to_0.jpg
,0,0,0_to_0.jpg
,0,0,0_to_0.jpg
,0,0,0_to_0.jpg
,0,0,0_to_0.jpg
,0,0,0_to_0.jpg
,0,0,0_to_0.jpg
,0,0,0_to_0.jpg
,0,0,0_to_0.jpg
,0,0,0_to_0.jpg
,0,0,0_to_0.jpg
,0,0,0_to_0.jpg
,0,0,0_to_0.jpg
,0,0,0_to_0.jpg
,0,0,0_to_0.jpg
,0,0,0_to_0.jpg
,0,0,0_to_0.jpg
,0,0,0_to_0.jpg
,0,0,0_to_0.jpg
,0,0,0_to_0.jpg
,0,0,0_to_0.jpg
,0,0,0_to_0.jpg
,0,0,0_to_0.jpg
,0,0,0_to_0.jpg
,0,0,0_to_0.jpg
,0,0,0_to_0.jpg
,0,0,0_to_0.jpg
,0,0,0_to_0.jpg
,0,0,0_to_0.jpg
,0,0,0_to_0.jpg
,0,0,0_to_0.jpg
,0,0,0_to_0.jpg
,0,0,0_to_0.jpg
,0,0,0_to_0.jpg
,0,0,0_to_0.jpg
,0,0,0_to_0.jpg
,0,0,0_to_0.jpg
,0,0,0_to_0.jpg
,0,0,0_to_0.jpg
,0,0,0_to_0.jpg
,0,0,0_to_0.jpg
,0,0,0_to_0.jpg
,0,0,0_to_0.jpg
,0,0,0_to_0.jpg
,0,0,0_to_0.jpg
,0,0,0_to_0.jpg
,0,0,0_to_0.jpg
,0,0,0_to_0.jpg
,0,0,0_to_0.jpg
,0,0,0_to_0.jpg
,0,0,0_to_0.jpg
,0,0,0_to_0.jpg
,0,0,0_to_0.jpg
,0,0,0_to_0.jpg
,0,0,0_to_0.jpg
,0,0,0_to_0.jpg
,0,0,0_to_0.jpg
,0,0,0_to_0.jpg
,0,0,0_to_0.jpg
,0,0,0_to_0.jpg
,0,0,0_to_0.jpg
,0,0,0_to_0.jpg
,0,0,0_to_0.jpg
,0,0,0_to_0.jpg
,0,0,0_to_0.jpg
,0,0,0_to_0.jpg
,0,0,0_to_0.jpg
,0,0,0_to_0.jpg
,0,0,0_to_0.jpg
,0,0,0_to_0.jpg
,0,0,0_to_0.jpg
,0,0,0_to_0.jpg
,0,0,0_to_0.jpg
,0,0,0_to_0.jpg
,0,0,0_to_0.jpg
,0,0,0_to_0.jpg
,0,0,0_to_0.jpg
,0,0,0_to_0.jpg
,0,0,0_to_0.jpg
,0,0,0_to_0.jpg
,0,0,0_to_0.jpg
,0,0,0_to_0.jpg
,0,0,0_to_0.jpg
,0,0,0_to_0.jpg
,0,0,0_to_0.jpg
,0,0,0_to_0.jpg
,0,0,0_to_0.jpg
,0,0,0_to_0.jpg
,0,0,0_to_0.jpg
,0,0,0_to_0.jpg
,0,0,0_to_0.jpg
,0,0,0_to_0.jpg
,0,0,0_to_0.jpg
,0,0,0_to_0.jpg
,0,0,0_to_0.jpg
,0,0,0_to_0.jpg
,0,0,0_to_0.jpg
,0,0,0_to_0.jpg
,0,0,0_to_0.jpg
,0,0,0_to_0.jpg
,0,0,0_to_0.jpg
,0,0,0_to_0.jpg
,0,0,0_to_0.jpg
,0,0,0_to_0.jpg
,0,0,0_to_0.jpg
,0,0,0_to_0.jpg
,0,0,0_to_0.jpg
,0,0,0_to_0.jpg
,0,0,0_to_0.jpg
,0,0,0_to_0.jpg
,0,0,0_to_0.jpg
,0,0,0_to_0.jpg
,0,0,0_to_0.jpg
,0,0,0_to_0.jpg
,0,0,0_to_0.jpg
,0,0,0_to_0.jpg
,0,0,0_to_0.jpg
,0,0,0_to_0.jpg
,0,0,0_to_0.jpg
,0,0,0_to_0.jpg
,0,0,0_to_0.jpg
,0,0,0_to_0.jpg
,0,0,0_to_0.jpg
,0,0,0_to_0.jpg
,0,0,0_to_0.jpg
,0,0,0_to_0.jpg
,0,0,0_to_0.jpg
,0,0,0_to_0.jpg
,0,0,0_to_0.jpg
,0,0,0_to_0.jpg
,0,0,0_to_0.jpg
,0,0,0_to_0.jpg
,0,0,0_to_0.jpg
,0,0,0_to_0.jpg
,0,0,0_to_0.jpg
,0,0,0_to_0.jpg
,0,0,0_to_0.jpg
,0,0,0_to_0.jpg
,0,0,0_to_0.jpg
,0,0,0_to_0.jpg
,0,0,0_to_0.jpg
,0,0,0_to_0.jpg
,0,0,0_to_0.jpg
,0,0,0_to_0.jpg
,0,0,0_to_0.jpg
,0,0,0_to_0.jpg
,0,0,0_to_0.jpg
,0,0,0_to_0.jpg
,0,0,0_to_0.jpg
,0,0,0_to_0.jpg
,0,0,0_to_0.jpg
,0,0,0_to_0.jpg
,0,0,0_to_0.jpg
,0,0,0_to_0.jpg
,0,0,0_to_0.jpg
,0,0,0_to_0.jpg
,0,0,0_to_0.jpg
,0,0,0_to_0.jpg
,0,0,0_to_0.jpg
,0,0,0_to_0.jpg
,0,0,0_to_0.jpg
,0,0,0_to_0.jpg
,0,0,0_to_0.jpg
,0,0,0_to_0.jpg
,0,0,0_to_0.jpg
,0,0,0_to_0.jpg
,0,0,0_to_0.jpg
,0,0,0_to_0.jpg
,0,0,0_to_0.jpg
,0,0,0_to_0.jpg
,0,0,0_to_0.jpg
,0,0,0_to_0.jpg
,0,0,0_to_0.jpg
,0,0,0_to_0.jpg
,0,0,0_to_0.jpg
,0,0,0_to_0.jpg
,0,0,0_to_0.jpg
,0,0,0_to_0.jpg
,0,0,0_to_0.jpg
,0,0,0_to_0.jpg
,0,0,0_to_0.jpg
,0,0,0_to_0.jpg
,0,0,0_to_0.jpg
,0,0,0_to_0.jpg
,0,0,0_to_0.jpg
,0,0,0_to_0.jpg
,0,0,0_to_0.jpg
,0,0,0_to_0.jpg
,0,0,0_to_0.jpg
,0,0,0_to_0.jpg
,0,0,0_to_0.jpg
,0,0,0_to_0.jpg
,0,0,0_to_0.jpg
,0,0,0_to_0.jpg
,0,0,0_to_0.jpg
,0,0,0_to_0.jpg
,0,0,0_to_0.jpg
,0,0,0_to_0.jpg
,0,0,0_to_0.jpg
,0,0,0_to_0.jpg
,0,0,0_to_0.jpg
,0,0,0_to_0.jpg
,0,0,0_to_0.jpg
,0,0,0_to_0.jpg
,0,0,0_to_0.jpg
,0,0,0_to_0.jpg
,0,0,0_to_0.jpg
,0,0,0_to_0.jpg
,0,0,0_to_0.jpg
,0,0,0_to_0.jpg
,0,0,0_to_0.jpg
,0,0,0_to_0.jpg
,0,0,0_to_0.jpg
,0,0,0_to_0.jpg
,0,0,0_to_0.jpg
,0,0,0_to_0.jpg
,0,0,0_to_0.jpg
,0,0,0_to_0.jpg
,0,0,0_to_0.jpg
,0,0,0_to_0.jpg
,0,0,0_to_0.jpg
,0,0,0_to_0.jpg
,0,0,0_to_0.jpg
,0,0,0_to_0.jpg
,0,0,0_to_0.jpg
,0,0,0_to_0.jpg
,0,0,0_to_0.jpg
,0,0,0_to_0.jpg
,0,0,0_to_0.jpg
,0,0,0_to_0.jpg
,0,0,0_to_0.jpg
,0,0,0_to_0.jpg
,0,0,0_to_0.jpg
,0,0,0_to_0.jpg
,0,0,0_to_0.jpg
,0,0,0_to_0.jpg
,0,0,0_to_0.jpg
,0,0,0_to_0.jpg
,0,0,0_to_0.jpg
,0,0,0_to_0.jpg
,0,0,0_to_0.jpg
,0,0,0_to_0.jpg
,0,0,0_to_0.jpg
,0,0,0_to_0.jpg
,0,0,0_to_0.jpg
,0,0,0_to_0.jpg
,0,0,0_to_0.jpg
,0,0,0_to_0.jpg
,0,0,0_to_0.jpg
,0,0,0_to_0.jpg
,0,0,0_to_0.jpg
,0,0,0_to_0.jpg
,0,0,0_to_0.jpg
,0,0,0_to_0.jpg
,0,0,0_to_0.jpg
,0,0,0_to_0.jpg
,0,0,0_to_0.jpg
,0,0,0_to_0.jpg
,0,0,0_to_0.jpg
,0,0,0_to_0.jpg
,0,0,0_to_0.jpg
,0,0,0_to_0.jpg
,0,0,0_to_0.jpg
,0,0,0_to_0.jpg
,0,0,0_to_0.jpg
,0,0,0_to_0.jpg
,0,0,0_to_0.jpg
,0,0,0_to_0.jpg
,0,0,0_to_0.jpg
,0,0,0_to_0.jpg
,0,0,0_to_0.jpg
,0,0,0_to_0.jpg
,0,0,0_to_0.jpg
,0,0,0_to_0.jpg
,0,0,0_to_0.jpg
,0,0,0_to_0.jpg
,0,0,0_to_0.jpg
,0,0,0_to_0.jpg
,0,0,0_to_0.jpg
,0,0,0_to_0.jpg
,0,0,0_to_0.jpg
,0,0,0_to_0.jpg
,0,0,0_to_0.jpg
,0,0,0_to_0.jpg
,0,0,0_to_0.jpg
,0,0,0_to_0.jpg
,0,0,0_to_0.jpg
,0,0,0_to_0.jpg
,0,0,0_to_0.jpg
,0,0,0_to_0.jpg
,0,0,0_to_0.jpg
,0,0,0_to_0.jpg
,0,0,0_to_0.jpg
,0,0,0_to_0.jpg
,0,0,0_to_0.jpg
,0,0,0_to_0.jpg
,0,0,0_to_0.jpg
,0,0,0_to_0.jpg
,0,0,0_to_0.jpg
,0,0,0_to_0.jpg
,0,0,0_to_0.jpg
,0,0,0_to_0.jpg
,0,0,0_to_0.jpg
,0,0,0_to_0.jpg
,0,0,0_to_0.jpg
,0,0,0_to_0.jpg
,0,0,0_to_0.jpg
,0,0,0_to_0.jpg
,0,0,0_to_0.jpg
,0,0,0_to_0.jpg
,0,0,0_to_0.jpg
,0,0,0_to_0.jpg
,0,0,0_to_0.jpg
,0,0,0_to_0.jpg
,0,0,0_to_0.jpg
,0,0,0_to_0.jpg
,0,0,0_to_0.jpg
,0,0,0_to_0.jpg
,0,0,0_to_0.jpg
,0,0,0_to_0.jpg
,0,0,0_to_0.jpg
,0,0,0_to_0.jpg
,0,0,0_to_0.jpg
,0,0,0_to_0.jpg
,0,0,0_to_0.jpg
,0,0,0_to_0.jpg
,0,0,0_to_0.jpg
,0,0,0_to_0.jpg
,0,0,0_to_0.jpg
,0,0,0_to_0.jpg
,0,0,0_to_0.jpg
,0,0,0_to_0.jpg
,0,0,0_to_0.jpg
,0,0,0_to_0.jpg
,0,0,0_to_0.jpg
,0,0,0_to_0.jpg
,0,0,0_to_0.jpg
,0,0,0_to_0.jpg
,0,0,0_to_0.jpg
,0,0,0_to_0.jpg
,0,0,0_to_0.jpg
,0,0,0_to_0.jpg
,0,0,0_to_0.jpg
,0,0,0_to_0.jpg
,0,0,0_to_0.jpg
,0,0,0_to_0.jpg
,0,0,0_to_0.jpg
,0,0,0_to_0.jpg
,0,0,0_to_0.jpg
,0,0,0_to_0.jpg
,0,0,0_to_0.jpg
,0,0,0_to_0.jpg
,0,0,0_to_0.jpg
,0,0,0_to_0.jpg
,0,0,0_to_0.jpg
,0,0,0_to_0.jpg
,0,0,0_to_0.jpg
,0,0,0_to_0.jpg
,0,0,0_to_0.jpg
,0,0,0_to_0.jpg
,0,0,0_to_0.jpg
,0,0,0_to_0.jpg
,0,0,0_to_0.jpg
,0,0,0_to_0.jpg
,0,0,0_to_0.jpg
,0,0,0_to_0.jpg
,0,0,0_to_0.jpg
,0,0,0_to_0.jpg
,0,0,0_to_0.jpg
,0,0,0_to_0.jpg
,0,0,0_to_0.jpg
,0,0,0_to_0.jpg
,0,0,0_to_0.jpg
,0,0,0_to_0.jpg
,0,0,0_to_0.jpg
,0,0,0_to_0.jpg
,0,0,0_to_0.jpg
,0,0,0_to_0.jpg
,0,0,0_to_0.jpg
,0,0,0_to_0.jpg
,0,0,0_to_0.jpg
,0,0,0_to_0.jpg
,0,0,0_to_0.jpg
,0,0,0_to_0.jpg
,0,0,0_to_0.jpg
,0,0,0_to_0.jpg
,0,0,0_to_0.jpg
,0,0,0_to_0.jpg
,0,0,0_to_0.jpg
,0,0,0_to_0.jpg
,0,0,0_to_0.jpg
,0,0,0_to_0.jpg
,0,0,0_to_0.jpg
,0,0,0_to_0.jpg
,0,0,0_to_0.jpg
,0,0,0_to_0.jpg
,0,0,0_to_0.jpg
,0,0,0_to_0.jpg
,0,0,0_to_0.jpg
,0,0,0_to_0.jpg
,0,0,0_to_0.jpg
,0,0,0_to_0.jpg
,0,0,0_to_0.jpg
,0,0,0_to_0.jpg
,0,0,0_to_0.jpg
,0,0,0_to_0.jpg
,0,0,0_to_0.jpg
,0,0,0_to_0.jpg
,0,0,0_to_0.jpg
,0,0,0_to_0.jpg
,0,0,0_to_0.jpg
,0,0,0_to_0.jpg
,0,0,0_to_0.jpg
,0,0,0_to_0.jpg
,0,0,0_to_0.jpg
,0,0,0_to_0.jpg
,0,0,0_to_0.jpg
,0,0,0_to_0.jpg
,0,0,0_to_0.jpg
,0,0,0_to_0.jpg
,0,0,0_to_0.jpg
,0,0,0_to_0.jpg
,0,0,0_to_0.jpg
,0,0,0_to_0.jpg
,0,0,0_to_0.jpg
,0,0,0_to_0.jpg
,0,0,0_to_0.jpg
,0,0,0_to_0.jpg
,0,0,0_to_0.jpg
,0,0,0_to_0.jpg
,0,0,0_to_0.jpg
,0,0,0_to_0.jpg
,0,0,0_to_0.jpg
,0,0,0_to_0.jpg
,0,0,0_to_0.jpg
,0,0,0_to_0.jpg
,0,0,0_to_0.jpg
,0,0,0_to_0.jpg
,0,0,0_to_0.jpg
,0,0,0_to_0.jpg
,0,0,0_to_0.jpg
,0,0,0_to_0.jpg
,0,0,0_to_0.jpg
,0,0,0_to_0.jpg
,0,0,0_to_0.jpg
,0,0,0_to_0.jpg
,0,0,0_to_0.jpg
,0,0,0_to_0.jpg
,0,0,0_to_0.jpg
,0,0,0_to_0.jpg
,0,0,0_to_0.jpg
,0,0,0_to_0.jpg
,0,0,0_to_0.jpg
,0,0,0_to_0.jpg
,0,0,0_to_0.jpg
,0,0,0_to_0.jpg
,0,0,0_to_0.jpg
,0,0,0_to_0.jpg
,0,0,0_to_0.jpg
,0,0,0_to_0.jpg
,0,0,0_to_0.jpg
,0,0,0_to_0.jpg
,0,0,0_to_0.jpg
,0,0,0_to_0.jpg
,0,0,0_to_0.jpg
,0,0,0_to_0.jpg
,0,0,0_to_0.jpg
,0,0,0_to_0.jpg
,0,0,0_to_0.jpg
,0,0,0_to_0.jpg
,0,0,0_to_0.jpg
,0,0,0_to_0.jpg
,0,0,0_to_0.jpg
,0,0,0_to_0.jpg
,0,0,0_to_0.jpg
,0,0,0_to_0.jpg
,0,0,0_to_0.jpg
,0,0,0_to_0.jpg
,0,0,0_to_0.jpg
,0,0,0_to_0.jpg
,0,0,0_to_0.jpg
,0,0,0_to_0.jpg
,0,0,0_to_0.jpg
,0,0,0_to_0.jpg
,0,0,0_to_0.jpg
,0,0,0_to_0.jpg
,0,0,0_to_0.jpg
,0,0,0_to_0.jpg
,0,0,0_to_0.jpg
,0,0,0_to_0.jpg
,0,0,0_to_0.jpg
,0,0,0_to_0.jpg
,0,0,0_to_0.jpg
,0,0,0_to_0.jpg
,0,0,0_to_0.jpg
,0,0,0_to_0.jpg
,0,0,0_to_0.jpg
,0,0,0_to_0.jpg
,0,0,0_to_0.jpg
,0,0,0_to_0.jpg
,0,0,0_to_0.jpg
,0,0,0_to_0.jpg
,0,0,0_to_0.jpg
,0,0,0_to_0.jpg
,0,0,0_to_0.jpg
,0,0,0_to_0.jpg
,0,0,0_to_0.jpg
,0,0,0_to_0.jpg
,0,0,0_to_0.jpg
,0,0,0_to_0.jpg
,0,0,0_to_0.jpg
,0,0,0_to_0.jpg
,0,0,0_to_0.jpg
,0,0,0_to_0.jpg
,0,0,0_to_0.jpg
,0,0,0_to_0.jpg
,0,0,0_to_0.jpg
,0,0,0_to_0.jpg
,0,0,0_to_0.jpg
,0,0,0_to_0.jpg
,0,0,0_to_0.jpg
,0,0,0_to_0.jpg
,0,0,0_to_0.jpg
,0,0,0_to_0.jpg
,0,0,0_to_0.jpg
,0,0,0_to_0.jpg
,0,0,0_to_0.jpg
,0,0,0_to_0.jpg
,0,0,0_to_0.jpg
,0,0,0_to_0.jpg
,0,0,0_to_0.jpg
,0,0,0_to_0.jpg
,0,0,0_to_0.jpg
,0,0,0_to_0.jpg
,0,0,0_to_0.jpg
,0,0,0_to_0.jpg
,0,0,0_to_0.jpg
,0,0,0_to_0.jpg
,0,0,0_to_0.jpg
,0,0,0_to_0.jpg
,0,0,0_to_0.jpg
,0,0,0_to_0.jpg
,0,0,0_to_0.jpg
,0,0,0_to_0.jpg
,0,0,0_to_0.jpg
,0,0,0_to_0.jpg
,0,0,0_to_0.jpg
,0,0,0_to_0.jpg
,0,0,0_to_0.jpg
,0,0,0_to_0.jpg
,0,0,0_to_0.jpg
,0,0,0_to_0.jpg
,0,0,0_to_0.jpg
,0,0,0_to_0.jpg
,0,0,0_to_0.jpg
,0,0,0_to_0.jpg
,0,0,0_to_0.jpg
,0,0,0_to_0.jpg
,0,0,0_to_0.jpg
,0,0,0_to_0.jpg
,0,0,0_to_0.jpg
,0,0,0_to_0.jpg
,0,0,0_to_0.jpg
,0,0,0_to_0.jpg
,0,0,0_to_0.jpg
,0,0,0_to_0.jpg
,0,0,0_to_0.jpg
,0,0,0_to_0.jpg
,0,0,0_to_0.jpg
,0,0,0_to_0.jpg
,0,0,0_to_0.jpg
,0,0,0_to_0.jpg
,0,0,0_to_0.jpg
,0,0,0_to_0.jpg
,0,0,0_to_0.jpg
,0,0,0_to_0.jpg
,0,0,0_to_0.jpg
,0,0,0_to_0.jpg
,0,0,0_to_0.jpg
,0,0,0_to_0.jpg
,0,0,0_to_0.jpg
,0,0,0_to_0.jpg
,0,0,0_to_0.jpg
,0,0,0_to_0.jpg
,0,0,0_to_0.jpg
,0,0,0_to_0.jpg
,0,0,0_to_0.jpg
,0,0,0_to_0.jpg
,0,0,0_to_0.jpg
,0,0,0_to_0.jpg
,0,0,0_to_0.jpg
,0,0,0_to_0.jpg
,0,0,0_to_0.jpg
,0,0,0_to_0.jpg
,0,0,0_to_0.jpg
,0,0,0_to_0.jpg
,0,0,0_to_0.jpg
,0,0,0_to_0.jpg
,0,0,0_to_0.jpg
,0,0,0_to_0.jpg
,0,0,0_to_0.jpg
,0,0,0_to_0.jpg
,0,0,0_to_0.jpg
,0,0,0_to_0.jpg
,0,0,0_to_0.jpg
,0,0,0_to_0.jpg
,0,0,0_to_0.jpg
,0,0,0_to_0.jpg
,0,0,0_to_0.jpg
,0,0,0_to_0.jpg
,0,0,0_to_0.jpg
,0,0,0_to_0.jpg
,0,0,0_to_0.jpg
,0,0,0_to_0.jpg
,0,0,0_to_0.jpg
,0,0,0_to_0.jpg
,0,0,0_to_0.jpg
,0,0,0_to_0.jpg
,0,0,0_to_0.jpg
,0,0,0_to_0.jpg
,0,0,0_to_0.jpg
,0,0,0_to_0.jpg
,0,0,0_to_0.jpg
,0,0,0_to_0.jpg
,0,0,0_to_0.jpg
,0,0,0_to_0.jpg
,0,0,0_to_0.jpg
,0,0,0_to_0.jpg
,0,0,0_to_0.jpg
,0,0,0_to_0.jpg
,0,0,0_to_0.jpg
,0,0,0_to_0.jpg
,0,0,0_to_0.jpg
,0,0,0_to_0.jpg
,0,0,0_to_0.jpg
,0,0,0_to_0.jpg
,0,0,0_to_0.jpg
,0,0,0_to_0.jpg
,0,0,0_to_0.jpg
,0,0,0_to_0.jpg
,0,0,0_to_0.jpg
,0,0,0_to_0.jpg
,0,0,0_to_0.jpg
,0,0,0_to_0.jpg
,0,0,0_to_0.jpg
,0,0,0_to_0.jpg
,0,0,0_to_0.jpg
,0,0,0_to_0.jpg
,0,0,0_to_0.jpg
,0,0,0_to_0.jpg
,0,0,0_to_0.jpg
,0,0,0_to_0.jpg
,0,0,0_to_0.jpg
,0,0,0_to_0.jpg
,0,0,0_to_0.jpg
,0,0,0_to_0.jpg
,0,0,0_to_0.jpg
,0,0,0_to_0.jpg
,0,0,0_to_0.jpg
,0,0,0_to_0.jpg
,0,0,0_to_0.jpg
,0,0,0_to_0.jpg
,0,0,0_to_0.jpg
,0,0,0_to_0.jpg
,0,0,0_to_0.jpg
,0,0,0_to_0.jpg
,0,0,0_to_0.jpg
,0,0,0_to_0.jpg
,0,0,0_to_0.jpg
,,,_to_.jpg